file,change,positives
PROBE_BEST_MINUS_9.csv,remove 9,215
PROBE_BEST_MINUS_1647.csv,remove 1647,215
PROBE_BEST_MINUS_1666.csv,remove 1666,215
PROBE_BEST_MINUS_1429.csv,remove 1429,215
PROBE_BEST_MINUS_1481.csv,remove 1481,215
PROBE_BEST_MINUS_1242.csv,remove 1242,215
PROBE_BEST_MINUS_1478.csv,remove 1478,215
PROBE_BEST_MINUS_1043.csv,remove 1043,215
PROBE_BEST_MINUS_1347.csv,remove 1347,215
PROBE_BEST_MINUS_411.csv,remove 411,215
PROBE_BEST_MINUS_A.csv,remove 9 1647 1666 1429 1481,211
PROBE_BEST_MINUS_D.csv,remove 1242 1478 1043 1347 411,211
